index,pdb,ab_chains,chain,resi_start,resi_end,cdr3
0,/disk1/flexibility/dataset/data_preparation_gep/01-benchmark_pdbs/6nha_HL.pdb,HL,H,97,108,ARSTTVRPPGIW
1,/disk1/flexibility/dataset/data_preparation_gep/01-benchmark_pdbs/6nha_HL.pdb,HL,L,89,98,QQYWSTPYTF
2,/disk1/flexibility/dataset/data_preparation_gep/01-benchmark_pdbs/2qqn_HL.pdb,HL,H,97,113,ARGELPYYRMSKVMDVW
3,/disk1/flexibility/dataset/data_preparation_gep/01-benchmark_pdbs/2qqn_HL.pdb,HL,L,89,98,QQYLGSPPTF
4,/disk1/flexibility/dataset/data_preparation_gep/01-benchmark_pdbs/3tt1_HL.pdb,HL,H,97,111,ARRTVTMGRYAMDYW
5,/disk1/flexibility/dataset/data_preparation_gep/01-benchmark_pdbs/3tt1_HL.pdb,HL,L,93,102,QQSNEDPYTF
6,/disk1/flexibility/dataset/data_preparation_gep/01-benchmark_pdbs/6nmr_AB.pdb,AB,A,94,109,AKDSTVSWSGDFFDYW
7,/disk1/flexibility/dataset/data_preparation_gep/01-benchmark_pdbs/6nmr_AB.pdb,AB,B,89,99,QQYYDWPPFTF
8,/disk1/flexibility/dataset/data_preparation_gep/01-benchmark_pdbs/4kht_HL.pdb,HL,H,95,109,ARYFDTYNNYGFANW
9,/disk1/flexibility/dataset/data_preparation_gep/01-benchmark_pdbs/4kht_HL.pdb,HL,L,87,98,ASWDSMTVDGVF
10,/disk1/flexibility/dataset/data_preparation_gep/01-benchmark_pdbs/4xak_DE.pdb,DE,D,97,115,ARVGYCSSTSCNRGAFDIW
11,/disk1/flexibility/dataset/data_preparation_gep/01-benchmark_pdbs/4xak_DE.pdb,DE,E,89,98,QQLNSYPLTF
12,/disk1/flexibility/dataset/data_preparation_gep/01-benchmark_pdbs/3grw_HL.pdb,HL,H,97,117,ARTYGIYDLYVDYTEYVMDYW
13,/disk1/flexibility/dataset/data_preparation_gep/01-benchmark_pdbs/3grw_HL.pdb,HL,L,89,98,QQSYTTPPTF
14,/disk1/flexibility/dataset/data_preparation_gep/01-benchmark_pdbs/3b9k_DC.pdb,DC,D,96,107,TSNRESYYFDYW
15,/disk1/flexibility/dataset/data_preparation_gep/01-benchmark_pdbs/3b9k_DC.pdb,DC,C,89,97,LQYDTLYTF
16,/disk1/flexibility/dataset/data_preparation_gep/01-benchmark_pdbs/6o3b_GE.pdb,GE,G,97,110,ARSSPGADYGLDYW
17,/disk1/flexibility/dataset/data_preparation_gep/01-benchmark_pdbs/6o3b_GE.pdb,GE,E,89,98,QQWAYGPFTF
18,/disk1/flexibility/dataset/data_preparation_gep/01-benchmark_pdbs/3t2n_HL.pdb,HL,H,97,103,ARGFAYW
19,/disk1/flexibility/dataset/data_preparation_gep/01-benchmark_pdbs/3t2n_HL.pdb,HL,L,91,100,ALWYSNHFIF
20,/disk1/flexibility/dataset/data_preparation_gep/01-benchmark_pdbs/3ld8_CB.pdb,CB,C,96,108,ARRDYGTYYFDYW
21,/disk1/flexibility/dataset/data_preparation_gep/01-benchmark_pdbs/3ld8_CB.pdb,CB,B,95,104,QQGISNPYTF
22,/disk1/flexibility/dataset/data_preparation_gep/01-benchmark_pdbs/1tzh_BA.pdb,BA,B,97,112,SRSSDASYSYSAMDYW
23,/disk1/flexibility/dataset/data_preparation_gep/01-benchmark_pdbs/1tzh_BA.pdb,BA,A,89,97,QSSASPATF
24,/disk1/flexibility/dataset/data_preparation_gep/01-benchmark_pdbs/2j88_HL.pdb,HL,H,97,106,TLYYGSVDYW
25,/disk1/flexibility/dataset/data_preparation_gep/01-benchmark_pdbs/2j88_HL.pdb,HL,L,89,97,QHHYGTRTF
26,/disk1/flexibility/dataset/data_preparation_gep/01-benchmark_pdbs/2r0l_HL.pdb,HL,H,97,107,ARFWWRSFDYW
27,/disk1/flexibility/dataset/data_preparation_gep/01-benchmark_pdbs/2r0l_HL.pdb,HL,L,89,98,QQSYTTPPTF
28,/disk1/flexibility/dataset/data_preparation_gep/01-benchmark_pdbs/4i3s_HL.pdb,HL,H,99,115,ARQKFYTGGQGWYFDLW
29,/disk1/flexibility/dataset/data_preparation_gep/01-benchmark_pdbs/4i3s_HL.pdb,HL,L,87,92,QQLEFF
30,/disk1/flexibility/dataset/data_preparation_gep/01-benchmark_pdbs/1fj1_BA.pdb,BA,B,97,103,ARGLDSW
31,/disk1/flexibility/dataset/data_preparation_gep/01-benchmark_pdbs/1fj1_BA.pdb,BA,A,89,98,LQYDNLQRTF
32,/disk1/flexibility/dataset/data_preparation_gep/01-benchmark_pdbs/2aep_HL.pdb,HL,H,99,110,ARVDYGTNYDYW
33,/disk1/flexibility/dataset/data_preparation_gep/01-benchmark_pdbs/2aep_HL.pdb,HL,L,89,98,QQFNRYPLTF
34,/disk1/flexibility/dataset/data_preparation_gep/01-benchmark_pdbs/2xwt_AB.pdb,AB,A,97,109,VGLDWNYNPLRYW
35,/disk1/flexibility/dataset/data_preparation_gep/01-benchmark_pdbs/2xwt_AB.pdb,AB,B,89,100,GTWDSRLGIAVF
36,/disk1/flexibility/dataset/data_preparation_gep/01-benchmark_pdbs/4zso_DC.pdb,DC,D,98,112,AREGLGALLRDLYYW
37,/disk1/flexibility/dataset/data_preparation_gep/01-benchmark_pdbs/4zso_DC.pdb,DC,C,89,98,QQWSSNPLTF
38,/disk1/flexibility/dataset/data_preparation_gep/01-benchmark_pdbs/2arj_BA.pdb,BA,B,96,107,TPLIGSWYFDFW
39,/disk1/flexibility/dataset/data_preparation_gep/01-benchmark_pdbs/2arj_BA.pdb,BA,A,89,98,QRIYNSPYTF
40,/disk1/flexibility/dataset/data_preparation_gep/01-benchmark_pdbs/3pnw_HG.pdb,HG,H,97,116,ARTVRGSKKPYFSGWAMDYW
41,/disk1/flexibility/dataset/data_preparation_gep/01-benchmark_pdbs/3pnw_HG.pdb,HG,G,89,100,QQHGPFYWLFTF
42,/disk1/flexibility/dataset/data_preparation_gep/01-benchmark_pdbs/1yjd_HL.pdb,HL,H,96,109,TRSHYGLDWNFDVW
43,/disk1/flexibility/dataset/data_preparation_gep/01-benchmark_pdbs/1yjd_HL.pdb,HL,L,89,98,QQGQTYPYTF
44,/disk1/flexibility/dataset/data_preparation_gep/01-benchmark_pdbs/3l95_HL.pdb,HL,H,97,109,ARGSGFRWVMDYW
45,/disk1/flexibility/dataset/data_preparation_gep/01-benchmark_pdbs/3l95_HL.pdb,HL,L,89,98,QQFYTTPSTF
46,/disk1/flexibility/dataset/data_preparation_gep/01-benchmark_pdbs/2vxq_HL.pdb,HL,H,97,107,ARLDGYTLDIW
47,/disk1/flexibility/dataset/data_preparation_gep/01-benchmark_pdbs/2vxq_HL.pdb,HL,L,89,98,QESLSASYTF
48,/disk1/flexibility/dataset/data_preparation_gep/01-benchmark_pdbs/5b8c_BA.pdb,BA,B,97,110,ARRDYRFDMGFDYW
49,/disk1/flexibility/dataset/data_preparation_gep/01-benchmark_pdbs/5b8c_BA.pdb,BA,A,93,102,QHSRDLPLTF
50,/disk1/flexibility/dataset/data_preparation_gep/01-benchmark_pdbs/4d9q_ED.pdb,ED,E,97,105,EREGGVNNW
51,/disk1/flexibility/dataset/data_preparation_gep/01-benchmark_pdbs/4d9q_ED.pdb,ED,D,89,98,LQSDSLPYTF
52,/disk1/flexibility/dataset/data_preparation_gep/01-benchmark_pdbs/1eo8_HL.pdb,HL,H,97,108,ARPTGRLWFSYW
53,/disk1/flexibility/dataset/data_preparation_gep/01-benchmark_pdbs/1eo8_HL.pdb,HL,L,88,96,HQRSSYPTF
54,/disk1/flexibility/dataset/data_preparation_gep/01-benchmark_pdbs/3uc0_IM.pdb,IM,I,96,113,ARQGTGTTGVSEDSFDLW
55,/disk1/flexibility/dataset/data_preparation_gep/01-benchmark_pdbs/3uc0_IM.pdb,IM,M,89,98,QQFNSYPLTF
56,/disk1/flexibility/dataset/data_preparation_gep/01-benchmark_pdbs/5x8m_BC.pdb,BC,B,97,111,AREGGWFGELAFDYW
57,/disk1/flexibility/dataset/data_preparation_gep/01-benchmark_pdbs/5x8m_BC.pdb,BC,C,89,98,QQYGSLPWTF
58,/disk1/flexibility/dataset/data_preparation_gep/01-benchmark_pdbs/2ih3_AB.pdb,AB,A,97,108,ARERGDGYFAVW
59,/disk1/flexibility/dataset/data_preparation_gep/01-benchmark_pdbs/2ih3_AB.pdb,AB,B,89,98,QQSNRWPFTF
60,/disk1/flexibility/dataset/data_preparation_gep/01-benchmark_pdbs/2adf_HL.pdb,HL,H,97,108,ARDNPYYALDYW
61,/disk1/flexibility/dataset/data_preparation_gep/01-benchmark_pdbs/2adf_HL.pdb,HL,L,89,97,LQYDNLRTF
62,/disk1/flexibility/dataset/data_preparation_gep/01-benchmark_pdbs/3ab0_BC.pdb,BC,B,96,106,ARNRGWYFDVW
63,/disk1/flexibility/dataset/data_preparation_gep/01-benchmark_pdbs/3ab0_BC.pdb,BC,C,89,98,QQYHSYPPTF
64,/disk1/flexibility/dataset/data_preparation_gep/01-benchmark_pdbs/2vxt_HL.pdb,HL,H,97,103,ARGLRFW
65,/disk1/flexibility/dataset/data_preparation_gep/01-benchmark_pdbs/2vxt_HL.pdb,HL,L,89,98,LQYASSPYTF
66,/disk1/flexibility/dataset/data_preparation_gep/01-benchmark_pdbs/5o1r_HL.pdb,HL,H,98,113,ARDRFDVASGSSFDFW
67,/disk1/flexibility/dataset/data_preparation_gep/01-benchmark_pdbs/5o1r_HL.pdb,HL,L,89,97,QQSYGSPTF
68,/disk1/flexibility/dataset/data_preparation_gep/01-benchmark_pdbs/3i50_HL.pdb,HL,H,99,111,ATVYGNYPYFDVW
69,/disk1/flexibility/dataset/data_preparation_gep/01-benchmark_pdbs/3i50_HL.pdb,HL,L,88,97,QQWSSHPLTF
70,/disk1/flexibility/dataset/data_preparation_gep/01-benchmark_pdbs/3liz_HL.pdb,HL,H,97,109,TRDPAGRAWFAYW
71,/disk1/flexibility/dataset/data_preparation_gep/01-benchmark_pdbs/3liz_HL.pdb,HL,L,89,98,LQYDELPYTF
72,/disk1/flexibility/dataset/data_preparation_gep/01-benchmark_pdbs/3t3p_EF.pdb,EF,E,97,109,VRPLYDYYAMDYW
73,/disk1/flexibility/dataset/data_preparation_gep/01-benchmark_pdbs/3t3p_EF.pdb,EF,F,89,98,VQYAQLPYTF
74,/disk1/flexibility/dataset/data_preparation_gep/01-benchmark_pdbs/5ggv_HL.pdb,HL,H,97,115,ARDPRGATLYYYYYGMDVW
75,/disk1/flexibility/dataset/data_preparation_gep/01-benchmark_pdbs/5ggv_HL.pdb,HL,L,89,98,QQYYSTPFTF
76,/disk1/flexibility/dataset/data_preparation_gep/01-benchmark_pdbs/4dqo_HL.pdb,HL,H,96,125,AREAGGPIWHDDVKYDFNDGYYNYHYMDVW
77,/disk1/flexibility/dataset/data_preparation_gep/01-benchmark_pdbs/4dqo_HL.pdb,HL,L,91,101,SSLTDRSHRIF
78,/disk1/flexibility/dataset/data_preparation_gep/01-benchmark_pdbs/5vkd_HL.pdb,HL,H,100,118,ARSYWYHVGSWHYTGMDYW
79,/disk1/flexibility/dataset/data_preparation_gep/01-benchmark_pdbs/5vkd_HL.pdb,HL,L,88,97,QQSSSSLITF
80,/disk1/flexibility/dataset/data_preparation_gep/01-benchmark_pdbs/4zfg_HL.pdb,HL,H,97,110,ARFVFFLPYAMDYW
81,/disk1/flexibility/dataset/data_preparation_gep/01-benchmark_pdbs/4zfg_HL.pdb,HL,L,90,99,QQGLLSPLTF
82,/disk1/flexibility/dataset/data_preparation_gep/01-benchmark_pdbs/3bgf_BC.pdb,BC,B,97,111,TREGIPQLLRTLDYW
83,/disk1/flexibility/dataset/data_preparation_gep/01-benchmark_pdbs/3bgf_BC.pdb,BC,C,89,98,LQYVSYPWTF
84,/disk1/flexibility/dataset/data_preparation_gep/01-benchmark_pdbs/4f37_HL.pdb,HL,H,98,115,ARRGFYGRKYEVNHFDYW
85,/disk1/flexibility/dataset/data_preparation_gep/01-benchmark_pdbs/4f37_HL.pdb,HL,L,94,103,FQGSRVPLTF
86,/disk1/flexibility/dataset/data_preparation_gep/01-benchmark_pdbs/1lk3_HL.pdb,HL,H,97,109,TRGVPGNNWFPYW
87,/disk1/flexibility/dataset/data_preparation_gep/01-benchmark_pdbs/1lk3_HL.pdb,HL,L,88,97,QQSWNGPLTF
88,/disk1/flexibility/dataset/data_preparation_gep/01-benchmark_pdbs/1p2c_BA.pdb,BA,B,97,106,ARGDGFYVYW
89,/disk1/flexibility/dataset/data_preparation_gep/01-benchmark_pdbs/1p2c_BA.pdb,BA,A,89,98,QQSGSWPRTF
90,/disk1/flexibility/dataset/data_preparation_gep/01-benchmark_pdbs/2qqk_HL.pdb,HL,H,97,114,AREDFRNRRRLWYVMDYW
91,/disk1/flexibility/dataset/data_preparation_gep/01-benchmark_pdbs/2qqk_HL.pdb,HL,L,89,98,QQAWAYLPTF
92,/disk1/flexibility/dataset/data_preparation_gep/01-benchmark_pdbs/4ene_EF.pdb,EF,E,96,110,ARLYYGYGYWYFDVW
93,/disk1/flexibility/dataset/data_preparation_gep/01-benchmark_pdbs/4ene_EF.pdb,EF,F,88,97,QQWSSHPQTF
94,/disk1/flexibility/dataset/data_preparation_gep/01-benchmark_pdbs/3gjf_HL.pdb,HL,H,97,109,AGELLPYYGMDVW
95,/disk1/flexibility/dataset/data_preparation_gep/01-benchmark_pdbs/3gjf_HL.pdb,HL,L,91,100,WSFAGSYYVF
96,/disk1/flexibility/dataset/data_preparation_gep/01-benchmark_pdbs/3p0y_HL.pdb,HL,H,97,111,ARESRVSFEAAMDYW
97,/disk1/flexibility/dataset/data_preparation_gep/01-benchmark_pdbs/3p0y_HL.pdb,HL,L,89,98,QQSEPEPYTF
98,/disk1/flexibility/dataset/data_preparation_gep/01-benchmark_pdbs/3gi9_HL.pdb,HL,H,97,114,ARSPHYYGTTYNYPMDYW
99,/disk1/flexibility/dataset/data_preparation_gep/01-benchmark_pdbs/3gi9_HL.pdb,HL,L,95,104,QQHYSTPYTF
100,/disk1/flexibility/dataset/data_preparation_gep/01-benchmark_pdbs/3nfp_HL.pdb,HL,H,97,106,ARGGGVFDYW
101,/disk1/flexibility/dataset/data_preparation_gep/01-benchmark_pdbs/3nfp_HL.pdb,HL,L,88,97,HQRSTYPLTF
102,/disk1/flexibility/dataset/data_preparation_gep/01-benchmark_pdbs/1ors_BA.pdb,BA,B,97,108,VRGYDYFAMDYW
103,/disk1/flexibility/dataset/data_preparation_gep/01-benchmark_pdbs/1ors_BA.pdb,BA,A,90,98,HQFHRSLTF
104,/disk1/flexibility/dataset/data_preparation_gep/01-benchmark_pdbs/3sqo_HL.pdb,HL,H,97,108,ARERPLYASDLW
105,/disk1/flexibility/dataset/data_preparation_gep/01-benchmark_pdbs/3sqo_HL.pdb,HL,L,88,97,QQRYSLWRTF
106,/disk1/flexibility/dataset/data_preparation_gep/01-benchmark_pdbs/4f3f_BA.pdb,BA,B,96,108,ARGGYDGRGFDYW
107,/disk1/flexibility/dataset/data_preparation_gep/01-benchmark_pdbs/4f3f_BA.pdb,BA,A,88,97,QQWSKHPLTF
108,/disk1/flexibility/dataset/data_preparation_gep/01-benchmark_pdbs/6ppg_HL.pdb,HL,H,97,113,ARDIGGFGEFYWNFGLW
109,/disk1/flexibility/dataset/data_preparation_gep/01-benchmark_pdbs/6ppg_HL.pdb,HL,L,89,99,QQRSNWPPATF
110,/disk1/flexibility/dataset/data_preparation_gep/01-benchmark_pdbs/1fns_HL.pdb,HL,H,96,112,VRDPADYGNYDYALDYW
111,/disk1/flexibility/dataset/data_preparation_gep/01-benchmark_pdbs/1fns_HL.pdb,HL,L,89,98,QQYEKLPWTF
112,/disk1/flexibility/dataset/data_preparation_gep/01-benchmark_pdbs/3hb3_CD.pdb,CD,C,97,108,VRHEYYYAMDYW
113,/disk1/flexibility/dataset/data_preparation_gep/01-benchmark_pdbs/3hb3_CD.pdb,CD,D,89,99,QHHYGTPPLTF
114,/disk1/flexibility/dataset/data_preparation_gep/01-benchmark_pdbs/1hez_DC.pdb,DC,D,97,111,AKVKFYDPTAPNDYW
115,/disk1/flexibility/dataset/data_preparation_gep/01-benchmark_pdbs/1hez_DC.pdb,DC,C,89,98,QQSYSTPRTF
116,/disk1/flexibility/dataset/data_preparation_gep/01-benchmark_pdbs/4dkf_HL.pdb,HL,H,96,107,ARGGPDYAMDVW
117,/disk1/flexibility/dataset/data_preparation_gep/01-benchmark_pdbs/4dkf_HL.pdb,HL,L,89,98,QQYWSEPVTF
118,/disk1/flexibility/dataset/data_preparation_gep/01-benchmark_pdbs/1nmb_HL.pdb,HL,H,97,112,ARSGGSYRYDGGFDYW
119,/disk1/flexibility/dataset/data_preparation_gep/01-benchmark_pdbs/1nmb_HL.pdb,HL,L,89,98,QQDFTLPFTF
120,/disk1/flexibility/dataset/data_preparation_gep/01-benchmark_pdbs/4hf5_HL.pdb,HL,H,97,120,ARQQDSGYSGPEVSYYSHYGMDVW
121,/disk1/flexibility/dataset/data_preparation_gep/01-benchmark_pdbs/4hf5_HL.pdb,HL,L,88,101,AAWDDSLSGPAVVF
122,/disk1/flexibility/dataset/data_preparation_gep/01-benchmark_pdbs/4ht1_HL.pdb,HL,H,97,110,AKGGYNYDDAFVIW
123,/disk1/flexibility/dataset/data_preparation_gep/01-benchmark_pdbs/4ht1_HL.pdb,HL,L,89,102,QTAYYNSRPDTVAF
124,/disk1/flexibility/dataset/data_preparation_gep/01-benchmark_pdbs/6mej_HL.pdb,HL,H,96,115,ARDGVRYCGGGRCYNWFDPW
125,/disk1/flexibility/dataset/data_preparation_gep/01-benchmark_pdbs/6mej_HL.pdb,HL,L,89,98,QQSHSTVRTF
126,/disk1/flexibility/dataset/data_preparation_gep/01-benchmark_pdbs/4ers_HL.pdb,HL,H,97,118,AREKDHYDILTGYNYYYGLDVW
127,/disk1/flexibility/dataset/data_preparation_gep/01-benchmark_pdbs/4ers_HL.pdb,HL,L,89,98,LQHNSNPLTF
128,/disk1/flexibility/dataset/data_preparation_gep/01-benchmark_pdbs/3rvv_DC.pdb,DC,D,97,111,GRTGVYRYPERAPYW
129,/disk1/flexibility/dataset/data_preparation_gep/01-benchmark_pdbs/3rvv_DC.pdb,DC,C,89,98,LQYDEFPYTF
130,/disk1/flexibility/dataset/data_preparation_gep/01-benchmark_pdbs/3cx5_JK.pdb,JK,J,97,112,ARSEYYSVTGYAMDYW
131,/disk1/flexibility/dataset/data_preparation_gep/01-benchmark_pdbs/3cx5_JK.pdb,JK,K,89,98,QHHIKFPWTF
132,/disk1/flexibility/dataset/data_preparation_gep/01-benchmark_pdbs/4dtg_HL.pdb,HL,H,97,111,ARLGGYDEGDAMDSW
133,/disk1/flexibility/dataset/data_preparation_gep/01-benchmark_pdbs/4dtg_HL.pdb,HL,L,94,103,LQATHFPQTF
134,/disk1/flexibility/dataset/data_preparation_gep/01-benchmark_pdbs/3so3_CB.pdb,CB,C,97,115,VKDLGIAARRFVSGAFDIW
135,/disk1/flexibility/dataset/data_preparation_gep/01-benchmark_pdbs/3so3_CB.pdb,CB,B,90,101,QQRSNWPPGYTF
136,/disk1/flexibility/dataset/data_preparation_gep/01-benchmark_pdbs/5kw9_HL.pdb,HL,H,95,112,ASNRANRADDYDYYFDYW
137,/disk1/flexibility/dataset/data_preparation_gep/01-benchmark_pdbs/5kw9_HL.pdb,HL,L,95,104,QQYYSIPRTF
138,/disk1/flexibility/dataset/data_preparation_gep/01-benchmark_pdbs/1oaz_JN.pdb,JN,J,97,110,ARMWYYGTYYFDYW
139,/disk1/flexibility/dataset/data_preparation_gep/01-benchmark_pdbs/1oaz_JN.pdb,JN,N,90,99,ALWYSNHLVF
140,/disk1/flexibility/dataset/data_preparation_gep/01-benchmark_pdbs/3lhp_HL.pdb,HL,H,96,113,AREGTTGLGKPIGAFAHW
141,/disk1/flexibility/dataset/data_preparation_gep/01-benchmark_pdbs/3lhp_HL.pdb,HL,L,90,99,QQYGQSLSTF
142,/disk1/flexibility/dataset/data_preparation_gep/01-benchmark_pdbs/3s37_HL.pdb,HL,H,96,105,ARVTDAFDIW
143,/disk1/flexibility/dataset/data_preparation_gep/01-benchmark_pdbs/3s37_HL.pdb,HL,L,88,97,QQAKAFPPTF
144,/disk1/flexibility/dataset/data_preparation_gep/01-benchmark_pdbs/1jrh_HL.pdb,HL,H,98,112,ARRAPFYGNHAMDYW
145,/disk1/flexibility/dataset/data_preparation_gep/01-benchmark_pdbs/1jrh_HL.pdb,HL,L,89,97,QQYWSTWTF
146,/disk1/flexibility/dataset/data_preparation_gep/01-benchmark_pdbs/4ypg_HL.pdb,HL,H,97,106,ARDPIAAGYW
147,/disk1/flexibility/dataset/data_preparation_gep/01-benchmark_pdbs/4ypg_HL.pdb,HL,L,90,99,QQYGSSPRTF
148,/disk1/flexibility/dataset/data_preparation_gep/01-benchmark_pdbs/1pkq_GF.pdb,GF,G,97,108,ATGNTMVNMPYW
149,/disk1/flexibility/dataset/data_preparation_gep/01-benchmark_pdbs/1pkq_GF.pdb,GF,F,95,104,QNDHSYPLTF
150,/disk1/flexibility/dataset/data_preparation_gep/01-benchmark_pdbs/4ogx_HL.pdb,HL,H,97,112,AYRRIGVPRRDEFDIW
151,/disk1/flexibility/dataset/data_preparation_gep/01-benchmark_pdbs/4ogx_HL.pdb,HL,L,89,97,QQYNTYWTF
152,/disk1/flexibility/dataset/data_preparation_gep/01-benchmark_pdbs/2nyy_DC.pdb,DC,D,96,107,SRYRYDDAMDYW
153,/disk1/flexibility/dataset/data_preparation_gep/01-benchmark_pdbs/2nyy_DC.pdb,DC,C,93,102,QQGNEVPFTF
154,/disk1/flexibility/dataset/data_preparation_gep/01-benchmark_pdbs/6cw2_AB.pdb,AB,A,97,119,ARNWYWFGGHFGYYMMPWAMDYW
155,/disk1/flexibility/dataset/data_preparation_gep/01-benchmark_pdbs/6cw2_AB.pdb,AB,B,90,99,QQSSWYPVTF
156,/disk1/flexibility/dataset/data_preparation_gep/01-benchmark_pdbs/3raj_HL.pdb,HL,H,96,109,AKTLITTGYAMDYW
157,/disk1/flexibility/dataset/data_preparation_gep/01-benchmark_pdbs/3raj_HL.pdb,HL,L,88,96,QQYWSTPTF
158,/disk1/flexibility/dataset/data_preparation_gep/01-benchmark_pdbs/1mhp_HL.pdb,HL,H,96,108,TRGFGDGGYFDVW
159,/disk1/flexibility/dataset/data_preparation_gep/01-benchmark_pdbs/1mhp_HL.pdb,HL,L,87,96,QQWSGNPWTF
160,/disk1/flexibility/dataset/data_preparation_gep/01-benchmark_pdbs/4etq_HL.pdb,HL,H,97,109,TRSNYRYDYFDVW
161,/disk1/flexibility/dataset/data_preparation_gep/01-benchmark_pdbs/4etq_HL.pdb,HL,L,88,97,QQWTSYPLTF
162,/disk1/flexibility/dataset/data_preparation_gep/01-benchmark_pdbs/4dw2_HL.pdb,HL,H,96,107,ERGELTYAMDYW
163,/disk1/flexibility/dataset/data_preparation_gep/01-benchmark_pdbs/4dw2_HL.pdb,HL,L,90,99,QHYSAYPRTF
164,/disk1/flexibility/dataset/data_preparation_gep/01-benchmark_pdbs/3skj_HL.pdb,HL,H,97,118,AGYDSGYDYVAVAGPAEYFQHW
165,/disk1/flexibility/dataset/data_preparation_gep/01-benchmark_pdbs/3skj_HL.pdb,HL,L,89,98,QQYNSYSRTF
166,/disk1/flexibility/dataset/data_preparation_gep/01-benchmark_pdbs/3q1s_HL.pdb,HL,H,96,115,ARVAIGVSGFLNYYYYMDVW
167,/disk1/flexibility/dataset/data_preparation_gep/01-benchmark_pdbs/3q1s_HL.pdb,HL,L,87,96,QARLLLPQTF
168,/disk1/flexibility/dataset/data_preparation_gep/01-benchmark_pdbs/5eii_AB.pdb,AB,A,96,113,ARSRGQASWDYWWAMDYW
169,/disk1/flexibility/dataset/data_preparation_gep/01-benchmark_pdbs/5eii_AB.pdb,AB,B,89,98,QQSSDDPITF
170,/disk1/flexibility/dataset/data_preparation_gep/01-benchmark_pdbs/2uzi_HL.pdb,HL,H,97,105,ARGRFFDYW
171,/disk1/flexibility/dataset/data_preparation_gep/01-benchmark_pdbs/2uzi_HL.pdb,HL,L,88,97,QQSVMIPMTF
172,/disk1/flexibility/dataset/data_preparation_gep/01-benchmark_pdbs/4u6v_KM.pdb,KM,K,96,112,ARDRYSPTGHYYGMDVW
173,/disk1/flexibility/dataset/data_preparation_gep/01-benchmark_pdbs/4u6v_KM.pdb,KM,M,89,97,KQYADYWTF
174,/disk1/flexibility/dataset/data_preparation_gep/01-benchmark_pdbs/2r56_IM.pdb,IM,I,97,111,AKAKRVGATGYFDLW
175,/disk1/flexibility/dataset/data_preparation_gep/01-benchmark_pdbs/2r56_IM.pdb,IM,M,89,98,QQYHSYPWTF
176,/disk1/flexibility/dataset/data_preparation_gep/01-benchmark_pdbs/4jqi_HL.pdb,HL,H,96,109,ARSRQFWYSGLDYW
177,/disk1/flexibility/dataset/data_preparation_gep/01-benchmark_pdbs/4jqi_HL.pdb,HL,L,90,99,QQYKYVPVTF
178,/disk1/flexibility/dataset/data_preparation_gep/01-benchmark_pdbs/5y9j_HL.pdb,HL,H,96,112,ARSRDLLLFPHHALSPW
179,/disk1/flexibility/dataset/data_preparation_gep/01-benchmark_pdbs/5y9j_HL.pdb,HL,L,87,98,SSRDSSGNHWVF
180,/disk1/flexibility/dataset/data_preparation_gep/01-benchmark_pdbs/5v7j_DE.pdb,DE,D,105,121,AKGLLRDGSSTWLPYLW
181,/disk1/flexibility/dataset/data_preparation_gep/01-benchmark_pdbs/5v7j_DE.pdb,DE,E,90,100,CSYTHNSGCVF
182,/disk1/flexibility/dataset/data_preparation_gep/01-benchmark_pdbs/3rkd_HL.pdb,HL,H,98,114,ARIKSVITTGDYALDYW
183,/disk1/flexibility/dataset/data_preparation_gep/01-benchmark_pdbs/3rkd_HL.pdb,HL,L,89,98,QHFWGNPWTF
184,/disk1/flexibility/dataset/data_preparation_gep/01-benchmark_pdbs/1v7m_HL.pdb,HL,H,99,106,SGWSFLYW
185,/disk1/flexibility/dataset/data_preparation_gep/01-benchmark_pdbs/1v7m_HL.pdb,HL,L,88,97,QQRSGYPRTF
186,/disk1/flexibility/dataset/data_preparation_gep/01-benchmark_pdbs/3hi1_BA.pdb,BA,B,96,113,ARGPVPAVFYGDYRLDPW
187,/disk1/flexibility/dataset/data_preparation_gep/01-benchmark_pdbs/3hi1_BA.pdb,BA,A,90,99,QQYDNSVCTF
188,/disk1/flexibility/dataset/data_preparation_gep/01-benchmark_pdbs/3ks0_HL.pdb,HL,H,96,107,ARLFGSYYFDYW
189,/disk1/flexibility/dataset/data_preparation_gep/01-benchmark_pdbs/3ks0_HL.pdb,HL,L,91,100,ALWDSNHLVF
190,/disk1/flexibility/dataset/data_preparation_gep/01-benchmark_pdbs/5czx_HL.pdb,HL,H,97,109,ARDDYSTYAFAYW
191,/disk1/flexibility/dataset/data_preparation_gep/01-benchmark_pdbs/5czx_HL.pdb,HL,L,89,98,QQAYKTPYTF
192,/disk1/flexibility/dataset/data_preparation_gep/01-benchmark_pdbs/3sob_HL.pdb,HL,H,97,116,ARGSGHVNAVKNYGYVMDYW
193,/disk1/flexibility/dataset/data_preparation_gep/01-benchmark_pdbs/3sob_HL.pdb,HL,L,89,98,QQSYTTPPTF
194,/disk1/flexibility/dataset/data_preparation_gep/01-benchmark_pdbs/5ucb_HL.pdb,HL,H,97,107,ARGYGWALDYW
195,/disk1/flexibility/dataset/data_preparation_gep/01-benchmark_pdbs/5ucb_HL.pdb,HL,L,87,96,QQDGWSLITF
196,/disk1/flexibility/dataset/data_preparation_gep/01-benchmark_pdbs/5k59_EF.pdb,EF,E,98,109,ARERGMHYMDVW
197,/disk1/flexibility/dataset/data_preparation_gep/01-benchmark_pdbs/5k59_EF.pdb,EF,F,89,98,QQQFDPPFTF
198,/disk1/flexibility/dataset/data_preparation_gep/01-benchmark_pdbs/3o0r_HL.pdb,HL,H,97,114,SRSSLDGYYVKNWCFDVW
199,/disk1/flexibility/dataset/data_preparation_gep/01-benchmark_pdbs/3o0r_HL.pdb,HL,L,89,98,QQHNEYPLTF
200,/disk1/flexibility/dataset/data_preparation_gep/01-benchmark_pdbs/5xj4_HL.pdb,HL,H,97,111,AREGGWFGELAFDYW
201,/disk1/flexibility/dataset/data_preparation_gep/01-benchmark_pdbs/5xj4_HL.pdb,HL,L,90,99,QQYGSLPWTF
202,/disk1/flexibility/dataset/data_preparation_gep/01-benchmark_pdbs/6jep_HL.pdb,HL,H,103,124,ARVRSGTNYGSYYYYYYGMDVW
203,/disk1/flexibility/dataset/data_preparation_gep/01-benchmark_pdbs/6jep_HL.pdb,HL,L,90,102,ASWDDSLSGHWVF
204,/disk1/flexibility/dataset/data_preparation_gep/01-benchmark_pdbs/3ma9_HL.pdb,HL,H,95,109,ARYFDTYNNYGFANW
205,/disk1/flexibility/dataset/data_preparation_gep/01-benchmark_pdbs/3ma9_HL.pdb,HL,L,87,98,ASWDSMTVDGVF
206,/disk1/flexibility/dataset/data_preparation_gep/01-benchmark_pdbs/3q3g_HF.pdb,HF,H,97,112,ASEGHYGYDGYAMDYW
207,/disk1/flexibility/dataset/data_preparation_gep/01-benchmark_pdbs/3q3g_HF.pdb,HF,F,95,104,QQYYSYPLTF
208,/disk1/flexibility/dataset/data_preparation_gep/01-benchmark_pdbs/5tfw_HL.pdb,HL,H,99,121,ARTGKYYDFWSGYPPGEEYFQDW
209,/disk1/flexibility/dataset/data_preparation_gep/01-benchmark_pdbs/5tfw_HL.pdb,HL,L,86,98,SSRDKSGSRLSVF
210,/disk1/flexibility/dataset/data_preparation_gep/01-benchmark_pdbs/3qwo_HL.pdb,HL,H,98,110,ARDMIFNFYFDVW
211,/disk1/flexibility/dataset/data_preparation_gep/01-benchmark_pdbs/3qwo_HL.pdb,HL,L,88,97,FQGSGYPFTF
212,/disk1/flexibility/dataset/data_preparation_gep/01-benchmark_pdbs/2oz4_HL.pdb,HL,H,97,104,ATKGFAYW
213,/disk1/flexibility/dataset/data_preparation_gep/01-benchmark_pdbs/2oz4_HL.pdb,HL,L,89,98,QQSNVWPFTF
214,/disk1/flexibility/dataset/data_preparation_gep/01-benchmark_pdbs/4nnp_HL.pdb,HL,H,95,116,ARQSSAEIESWYYYSGEAMDYW
215,/disk1/flexibility/dataset/data_preparation_gep/01-benchmark_pdbs/4nnp_HL.pdb,HL,L,89,99,QQSYYSSPFTF
216,/disk1/flexibility/dataset/data_preparation_gep/01-benchmark_pdbs/3d85_BA.pdb,BA,B,97,105,ARNWDVAYW
217,/disk1/flexibility/dataset/data_preparation_gep/01-benchmark_pdbs/3d85_BA.pdb,BA,A,89,98,QNGHSFPFTF
218,/disk1/flexibility/dataset/data_preparation_gep/01-benchmark_pdbs/4k94_HL.pdb,HL,H,97,107,ARYVYHALDYW
219,/disk1/flexibility/dataset/data_preparation_gep/01-benchmark_pdbs/4k94_HL.pdb,HL,L,87,97,QQWAVHSLITF
220,/disk1/flexibility/dataset/data_preparation_gep/01-benchmark_pdbs/2zch_HL.pdb,HL,H,97,112,ARADYGFNSGEAMDYW
221,/disk1/flexibility/dataset/data_preparation_gep/01-benchmark_pdbs/2zch_HL.pdb,HL,L,93,102,QQSNEDPYTF
222,/disk1/flexibility/dataset/data_preparation_gep/01-benchmark_pdbs/5y11_AB.pdb,AB,A,98,114,ARLKRRGFSGEGYFDYW
223,/disk1/flexibility/dataset/data_preparation_gep/01-benchmark_pdbs/5y11_AB.pdb,AB,B,89,99,QQYNNWPPYTF
224,/disk1/flexibility/dataset/data_preparation_gep/01-benchmark_pdbs/2r29_HL.pdb,HL,H,97,106,ARDYEGFAYW
225,/disk1/flexibility/dataset/data_preparation_gep/01-benchmark_pdbs/2r29_HL.pdb,HL,L,93,102,QQTNVDPWAF
226,/disk1/flexibility/dataset/data_preparation_gep/01-benchmark_pdbs/3kr3_HL.pdb,HL,H,97,112,ARDNGDYVGEKGFDIW
227,/disk1/flexibility/dataset/data_preparation_gep/01-benchmark_pdbs/3kr3_HL.pdb,HL,L,90,99,QQSYNSPWTF
228,/disk1/flexibility/dataset/data_preparation_gep/01-benchmark_pdbs/1n8z_BA.pdb,BA,B,97,110,SRWGGDGFYAMDYW
229,/disk1/flexibility/dataset/data_preparation_gep/01-benchmark_pdbs/1n8z_BA.pdb,BA,A,89,98,QQHYTTPPTF
230,/disk1/flexibility/dataset/data_preparation_gep/01-benchmark_pdbs/4fqj_HL.pdb,HL,H,97,115,ARDVQYSGSYLGAYYFDYW
231,/disk1/flexibility/dataset/data_preparation_gep/01-benchmark_pdbs/4fqj_HL.pdb,HL,L,90,101,ATWDDSLDGWVF
232,/disk1/flexibility/dataset/data_preparation_gep/01-benchmark_pdbs/2q8b_HL.pdb,HL,H,97,102,TLSHFW
233,/disk1/flexibility/dataset/data_preparation_gep/01-benchmark_pdbs/2q8b_HL.pdb,HL,L,89,98,QQGFSSPRTF
234,/disk1/flexibility/dataset/data_preparation_gep/01-benchmark_pdbs/5d71_HL.pdb,HL,H,97,105,ARGFGTDFW
235,/disk1/flexibility/dataset/data_preparation_gep/01-benchmark_pdbs/5d71_HL.pdb,HL,L,77,86,SAWGDKGMVF
236,/disk1/flexibility/dataset/data_preparation_gep/01-benchmark_pdbs/6okm_HL.pdb,HL,H,96,103,ARDRLDYW
237,/disk1/flexibility/dataset/data_preparation_gep/01-benchmark_pdbs/6okm_HL.pdb,HL,L,89,98,VHYAQFPYTF
238,/disk1/flexibility/dataset/data_preparation_gep/01-benchmark_pdbs/4g3y_HL.pdb,HL,H,99,110,SRNYYGSTYDYW
239,/disk1/flexibility/dataset/data_preparation_gep/01-benchmark_pdbs/4g3y_HL.pdb,HL,L,89,98,QQSHSWPFTF
240,/disk1/flexibility/dataset/data_preparation_gep/01-benchmark_pdbs/1xiw_DC.pdb,DC,D,97,112,ARSGYYGDSDWYFDVW
241,/disk1/flexibility/dataset/data_preparation_gep/01-benchmark_pdbs/1xiw_DC.pdb,DC,C,90,99,QQGNTLPWTF
242,/disk1/flexibility/dataset/data_preparation_gep/01-benchmark_pdbs/4jpk_HL.pdb,HL,H,97,111,ARGKNSDYNWDFQHW
243,/disk1/flexibility/dataset/data_preparation_gep/01-benchmark_pdbs/4jpk_HL.pdb,HL,L,89,94,QQYEFF
244,/disk1/flexibility/dataset/data_preparation_gep/01-benchmark_pdbs/6mei_HL.pdb,HL,H,96,115,ARDGVRYCGGGRCYNWFDPW
245,/disk1/flexibility/dataset/data_preparation_gep/01-benchmark_pdbs/6mei_HL.pdb,HL,L,89,98,QQSHSTVRTF
246,/disk1/flexibility/dataset/data_preparation_gep/01-benchmark_pdbs/6e63_HL.pdb,HL,H,97,109,TRDLRMSDYFDYW
247,/disk1/flexibility/dataset/data_preparation_gep/01-benchmark_pdbs/6e63_HL.pdb,HL,L,92,101,HSYSTGMYIF
248,/disk1/flexibility/dataset/data_preparation_gep/01-benchmark_pdbs/1nfd_FE.pdb,FE,F,99,110,TRAGRFDHFDYW
249,/disk1/flexibility/dataset/data_preparation_gep/01-benchmark_pdbs/1nfd_FE.pdb,FE,E,87,98,LSSYGDNNDLVF
250,/disk1/flexibility/dataset/data_preparation_gep/01-benchmark_pdbs/2yc1_DE.pdb,DE,D,97,107,ARGGVGSFDTW
251,/disk1/flexibility/dataset/data_preparation_gep/01-benchmark_pdbs/2yc1_DE.pdb,DE,E,90,99,QQYRYSPRTF
252,/disk1/flexibility/dataset/data_preparation_gep/01-benchmark_pdbs/4i9w_ED.pdb,ED,E,97,106,TRGNYVFDYW
253,/disk1/flexibility/dataset/data_preparation_gep/01-benchmark_pdbs/4i9w_ED.pdb,ED,D,88,97,QQWSNSPPTF
254,/disk1/flexibility/dataset/data_preparation_gep/01-benchmark_pdbs/6pe8_HL.pdb,HL,H,97,106,ARSWGYFDVW
255,/disk1/flexibility/dataset/data_preparation_gep/01-benchmark_pdbs/6pe8_HL.pdb,HL,L,95,104,QNDYTYPLTF
256,/disk1/flexibility/dataset/data_preparation_gep/01-benchmark_pdbs/2ypv_HL.pdb,HL,H,97,109,VRDYYGSSYFDYW
257,/disk1/flexibility/dataset/data_preparation_gep/01-benchmark_pdbs/2ypv_HL.pdb,HL,L,89,98,LQYDEFPPTF
258,/disk1/flexibility/dataset/data_preparation_gep/01-benchmark_pdbs/4f2m_CD.pdb,CD,C,97,112,ARGGYRYDPYYAMDYW
259,/disk1/flexibility/dataset/data_preparation_gep/01-benchmark_pdbs/4f2m_CD.pdb,CD,D,89,98,QQTDSWPTTF
260,/disk1/flexibility/dataset/data_preparation_gep/01-benchmark_pdbs/4jr9_HL.pdb,HL,H,97,108,ARSWYNRAMDYW
261,/disk1/flexibility/dataset/data_preparation_gep/01-benchmark_pdbs/4jr9_HL.pdb,HL,L,89,97,LQYNSLLTF
262,/disk1/flexibility/dataset/data_preparation_gep/01-benchmark_pdbs/4k2u_IM.pdb,IM,I,97,111,ARHYDGYFLYYFEYW
263,/disk1/flexibility/dataset/data_preparation_gep/01-benchmark_pdbs/4k2u_IM.pdb,IM,M,89,98,QQGSTFPWTF
264,/disk1/flexibility/dataset/data_preparation_gep/01-benchmark_pdbs/4qci_HL.pdb,HL,H,97,110,ARHPYWYGGQLDLW
265,/disk1/flexibility/dataset/data_preparation_gep/01-benchmark_pdbs/4qci_HL.pdb,HL,L,86,95,SAFTHNSDVF
266,/disk1/flexibility/dataset/data_preparation_gep/01-benchmark_pdbs/4hwb_HL.pdb,HL,H,98,109,ARMPNWGSFDYW
267,/disk1/flexibility/dataset/data_preparation_gep/01-benchmark_pdbs/4hwb_HL.pdb,HL,L,90,95,QQYETF
268,/disk1/flexibility/dataset/data_preparation_gep/01-benchmark_pdbs/4i77_HL.pdb,HL,H,96,108,AGDGYYPYAMDNW
269,/disk1/flexibility/dataset/data_preparation_gep/01-benchmark_pdbs/4i77_HL.pdb,HL,L,93,102,QQNNEDPRTF
270,/disk1/flexibility/dataset/data_preparation_gep/01-benchmark_pdbs/6b0a_HL.pdb,HL,H,97,115,AKGDYYFDSGSYSFGMDVW
271,/disk1/flexibility/dataset/data_preparation_gep/01-benchmark_pdbs/6b0a_HL.pdb,HL,L,90,96,QQYGNSF
272,/disk1/flexibility/dataset/data_preparation_gep/01-benchmark_pdbs/4kuc_FE.pdb,FE,F,93,107,VRWVYGNFDSALDYW
273,/disk1/flexibility/dataset/data_preparation_gep/01-benchmark_pdbs/4kuc_FE.pdb,FE,E,88,97,QHKREYPPTF
274,/disk1/flexibility/dataset/data_preparation_gep/01-benchmark_pdbs/3dvg_BA.pdb,BA,B,97,110,AREYYRWYTAIDYW
275,/disk1/flexibility/dataset/data_preparation_gep/01-benchmark_pdbs/3dvg_BA.pdb,BA,A,85,96,QQYSSYSSLFTF
276,/disk1/flexibility/dataset/data_preparation_gep/01-benchmark_pdbs/4aei_IM.pdb,IM,I,97,110,SRPDDYSYDGFAYW
277,/disk1/flexibility/dataset/data_preparation_gep/01-benchmark_pdbs/4aei_IM.pdb,IM,M,94,103,FQGSHVPLTF
278,/disk1/flexibility/dataset/data_preparation_gep/01-benchmark_pdbs/3u9p_KM.pdb,KM,K,96,109,TRCRRDSSYVVDAW
279,/disk1/flexibility/dataset/data_preparation_gep/01-benchmark_pdbs/3u9p_KM.pdb,KM,M,89,98,LQYDNLPYMF
280,/disk1/flexibility/dataset/data_preparation_gep/01-benchmark_pdbs/3pgf_HL.pdb,HL,H,96,109,ARTPWWYWSGLDYW
281,/disk1/flexibility/dataset/data_preparation_gep/01-benchmark_pdbs/3pgf_HL.pdb,HL,L,89,98,QQSSYIPVTF
282,/disk1/flexibility/dataset/data_preparation_gep/01-benchmark_pdbs/5xxy_HL.pdb,HL,H,97,108,ARRHWPGGFDYW
283,/disk1/flexibility/dataset/data_preparation_gep/01-benchmark_pdbs/5xxy_HL.pdb,HL,L,89,98,QQYLYHPATF
284,/disk1/flexibility/dataset/data_preparation_gep/01-benchmark_pdbs/1rjl_BA.pdb,BA,B,97,110,ARMRYGDYYAMDNW
285,/disk1/flexibility/dataset/data_preparation_gep/01-benchmark_pdbs/1rjl_BA.pdb,BA,A,89,98,QQGQSFPLTF
286,/disk1/flexibility/dataset/data_preparation_gep/01-benchmark_pdbs/1tqb_BC.pdb,BC,B,97,103,TRGTDYW
287,/disk1/flexibility/dataset/data_preparation_gep/01-benchmark_pdbs/1tqb_BC.pdb,BC,C,94,103,WQGSHFPQTF
288,/disk1/flexibility/dataset/data_preparation_gep/01-benchmark_pdbs/2vxs_JN.pdb,JN,J,97,108,ARDLIHGVTRNW
289,/disk1/flexibility/dataset/data_preparation_gep/01-benchmark_pdbs/2vxs_JN.pdb,JN,N,92,101,QTYDPYSVVF
290,/disk1/flexibility/dataset/data_preparation_gep/01-benchmark_pdbs/4hkx_AB.pdb,AB,A,97,116,ARAGLEPRSVDYYFYGLDVW
291,/disk1/flexibility/dataset/data_preparation_gep/01-benchmark_pdbs/4hkx_AB.pdb,AB,B,78,89,QVWDSDSDHVVF
292,/disk1/flexibility/dataset/data_preparation_gep/01-benchmark_pdbs/4hj0_PQ.pdb,PQ,P,95,107,AQGPIVGAPTDYW
293,/disk1/flexibility/dataset/data_preparation_gep/01-benchmark_pdbs/4hj0_PQ.pdb,PQ,Q,90,101,AAWDDSLNGVVF
294,/disk1/flexibility/dataset/data_preparation_gep/01-benchmark_pdbs/2h9g_BA.pdb,BA,B,97,110,ARRLALVRMWMDYW
295,/disk1/flexibility/dataset/data_preparation_gep/01-benchmark_pdbs/2h9g_BA.pdb,BA,A,89,98,QQSYTTPPTF
296,/disk1/flexibility/dataset/data_preparation_gep/01-benchmark_pdbs/4ffy_HL.pdb,HL,H,97,108,ARWFFPWYFDVW
297,/disk1/flexibility/dataset/data_preparation_gep/01-benchmark_pdbs/4ffy_HL.pdb,HL,L,93,102,QQNNEDPYTF
298,/disk1/flexibility/dataset/data_preparation_gep/01-benchmark_pdbs/4leo_AB.pdb,AB,A,97,110,ARHRDYYSNSLTYW
299,/disk1/flexibility/dataset/data_preparation_gep/01-benchmark_pdbs/4leo_AB.pdb,AB,B,95,104,QSDYSYPYTF
300,/disk1/flexibility/dataset/data_preparation_gep/01-benchmark_pdbs/3nh7_JN.pdb,JN,J,97,110,ARERWHVRGYFDHW
301,/disk1/flexibility/dataset/data_preparation_gep/01-benchmark_pdbs/3nh7_JN.pdb,JN,N,87,98,STFTMSGNGTVF
302,/disk1/flexibility/dataset/data_preparation_gep/01-benchmark_pdbs/3ngb_HL.pdb,HL,H,97,111,TRGKNCDYNWDFEHW
303,/disk1/flexibility/dataset/data_preparation_gep/01-benchmark_pdbs/3ngb_HL.pdb,HL,L,85,90,QQYEFF
304,/disk1/flexibility/dataset/data_preparation_gep/01-benchmark_pdbs/3ru8_HL.pdb,HL,H,97,117,ARVGPYSWDDSPQDNYYMDVW
305,/disk1/flexibility/dataset/data_preparation_gep/01-benchmark_pdbs/3ru8_HL.pdb,HL,L,90,99,QVYGASSYTF
306,/disk1/flexibility/dataset/data_preparation_gep/01-benchmark_pdbs/4hcr_MN.pdb,MN,M,97,114,AREGSSSSGDYYYGMDVW
307,/disk1/flexibility/dataset/data_preparation_gep/01-benchmark_pdbs/4hcr_MN.pdb,MN,N,94,103,MQNIQLPWTF
308,/disk1/flexibility/dataset/data_preparation_gep/01-benchmark_pdbs/3mj9_HL.pdb,HL,H,96,106,ARHFYTYFDVW
309,/disk1/flexibility/dataset/data_preparation_gep/01-benchmark_pdbs/3mj9_HL.pdb,HL,L,87,98,QSWDGTNSAWVF
310,/disk1/flexibility/dataset/data_preparation_gep/01-benchmark_pdbs/6muf_DE.pdb,DE,D,105,121,AKGLLRDGSSTWLPYLW
311,/disk1/flexibility/dataset/data_preparation_gep/01-benchmark_pdbs/6muf_DE.pdb,DE,E,92,102,CSYTHNSGCVF
312,/disk1/flexibility/dataset/data_preparation_gep/01-benchmark_pdbs/3lh2_IM.pdb,IM,I,96,111,AREGTTGKPIGAFAHW
313,/disk1/flexibility/dataset/data_preparation_gep/01-benchmark_pdbs/3lh2_IM.pdb,IM,M,90,99,QQYGQSLSTF
314,/disk1/flexibility/dataset/data_preparation_gep/01-benchmark_pdbs/3r1g_HL.pdb,HL,H,97,109,ARGPFSPWVMDYW
315,/disk1/flexibility/dataset/data_preparation_gep/01-benchmark_pdbs/3r1g_HL.pdb,HL,L,89,98,QQFPTYLPTF
316,/disk1/flexibility/dataset/data_preparation_gep/01-benchmark_pdbs/4am0_HL.pdb,HL,H,97,107,TRGGSHAMDYW
317,/disk1/flexibility/dataset/data_preparation_gep/01-benchmark_pdbs/4am0_HL.pdb,HL,L,89,98,LQHWTYPYTF
318,/disk1/flexibility/dataset/data_preparation_gep/01-benchmark_pdbs/4wv1_BA.pdb,BA,B,97,117,ARTYGIYDLYVDYTEYVMDYW
319,/disk1/flexibility/dataset/data_preparation_gep/01-benchmark_pdbs/4wv1_BA.pdb,BA,A,89,98,QQSTGHPQTF
320,/disk1/flexibility/dataset/data_preparation_gep/01-benchmark_pdbs/6b0s_HL.pdb,HL,H,97,113,ARDPGIAAADNHWFDPW
321,/disk1/flexibility/dataset/data_preparation_gep/01-benchmark_pdbs/6b0s_HL.pdb,HL,L,87,96,QAWDSSTVVF
322,/disk1/flexibility/dataset/data_preparation_gep/01-benchmark_pdbs/4ot1_HL.pdb,HL,H,97,121,ARDGAKTVSNSGLSLLYYHNRLDAW
323,/disk1/flexibility/dataset/data_preparation_gep/01-benchmark_pdbs/4ot1_HL.pdb,HL,L,90,100,GTPDRSLSVVF
324,/disk1/flexibility/dataset/data_preparation_gep/01-benchmark_pdbs/6iek_BC.pdb,BC,B,97,111,AIDPIRYNWNYGDYW
325,/disk1/flexibility/dataset/data_preparation_gep/01-benchmark_pdbs/6iek_BC.pdb,BC,C,96,105,MIWPSNAWVF
326,/disk1/flexibility/dataset/data_preparation_gep/01-benchmark_pdbs/4xrc_BA.pdb,BA,B,97,113,ARVALFDILTGGWFDPW
327,/disk1/flexibility/dataset/data_preparation_gep/01-benchmark_pdbs/4xrc_BA.pdb,BA,A,87,96,QAWDSSSFVF
328,/disk1/flexibility/dataset/data_preparation_gep/01-benchmark_pdbs/1kb5_HL.pdb,HL,H,97,109,ARSRTDLYYFDYW
329,/disk1/flexibility/dataset/data_preparation_gep/01-benchmark_pdbs/1kb5_HL.pdb,HL,L,89,98,QHHYGTPYTF
330,/disk1/flexibility/dataset/data_preparation_gep/01-benchmark_pdbs/3sdy_HL.pdb,HL,H,96,111,AREPPLFYSSWSLDNW
331,/disk1/flexibility/dataset/data_preparation_gep/01-benchmark_pdbs/3sdy_HL.pdb,HL,L,90,99,QQYGTSPRTF
332,/disk1/flexibility/dataset/data_preparation_gep/01-benchmark_pdbs/6umx_HL.pdb,HL,H,96,115,ARDLLVRFLYWSHYYGMDVW
333,/disk1/flexibility/dataset/data_preparation_gep/01-benchmark_pdbs/6umx_HL.pdb,HL,L,90,100,AAWDDSLNSVF
334,/disk1/flexibility/dataset/data_preparation_gep/01-benchmark_pdbs/5xku_CB.pdb,CB,C,98,115,AGGSTGDRHYYYYGMDVW
335,/disk1/flexibility/dataset/data_preparation_gep/01-benchmark_pdbs/5xku_CB.pdb,CB,B,89,98,QQSYSTPPAF
336,/disk1/flexibility/dataset/data_preparation_gep/01-benchmark_pdbs/3vi3_HL.pdb,HL,H,97,108,SRALALYAMDYW
337,/disk1/flexibility/dataset/data_preparation_gep/01-benchmark_pdbs/3vi3_HL.pdb,HL,L,94,103,LQHLEYPFTF
338,/disk1/flexibility/dataset/data_preparation_gep/01-benchmark_pdbs/4jlr_HL.pdb,HL,H,98,110,ARDMIFNFYFDVW
339,/disk1/flexibility/dataset/data_preparation_gep/01-benchmark_pdbs/4jlr_HL.pdb,HL,L,88,97,FQGSGYPFTF
340,/disk1/flexibility/dataset/data_preparation_gep/01-benchmark_pdbs/2xqy_GL.pdb,GL,G,97,108,GRLGYVYGFDYW
341,/disk1/flexibility/dataset/data_preparation_gep/01-benchmark_pdbs/2xqy_GL.pdb,GL,L,93,102,QHSRELPWTF
342,/disk1/flexibility/dataset/data_preparation_gep/01-benchmark_pdbs/3lev_HL.pdb,HL,H,98,122,AHRRGPTTLFGVPIARGPVNAMDVW
343,/disk1/flexibility/dataset/data_preparation_gep/01-benchmark_pdbs/3lev_HL.pdb,HL,L,89,98,QQLHFYPHTF
344,/disk1/flexibility/dataset/data_preparation_gep/01-benchmark_pdbs/1h0d_BA.pdb,BA,B,97,111,TRLGDYGYAYTMDYW
345,/disk1/flexibility/dataset/data_preparation_gep/01-benchmark_pdbs/1h0d_BA.pdb,BA,A,93,102,QQSKEVPLTF
346,/disk1/flexibility/dataset/data_preparation_gep/01-benchmark_pdbs/6cw3_CD.pdb,CD,C,97,113,ARWWQGMYEMGYGMDYW
347,/disk1/flexibility/dataset/data_preparation_gep/01-benchmark_pdbs/6cw3_CD.pdb,CD,D,89,98,QQGWANLITF
348,/disk1/flexibility/dataset/data_preparation_gep/01-benchmark_pdbs/5j13_CB.pdb,CB,C,97,112,ARAPQWELVHEAFDIW
349,/disk1/flexibility/dataset/data_preparation_gep/01-benchmark_pdbs/5j13_CB.pdb,CB,B,88,99,QVWDSSSDHVVF
350,/disk1/flexibility/dataset/data_preparation_gep/01-benchmark_pdbs/1egj_HL.pdb,HL,H,97,109,SRGDGIHGGFAYW
351,/disk1/flexibility/dataset/data_preparation_gep/01-benchmark_pdbs/1egj_HL.pdb,HL,L,93,102,QQNNEDPWTF
352,/disk1/flexibility/dataset/data_preparation_gep/01-benchmark_pdbs/3o2d_HL.pdb,HL,H,97,112,AREKDNYATGAWFAYW
353,/disk1/flexibility/dataset/data_preparation_gep/01-benchmark_pdbs/3o2d_HL.pdb,HL,L,95,103,QQYYSYRTF
354,/disk1/flexibility/dataset/data_preparation_gep/01-benchmark_pdbs/4ffv_DC.pdb,DC,D,97,107,TRFRDVFFDVW
355,/disk1/flexibility/dataset/data_preparation_gep/01-benchmark_pdbs/4ffv_DC.pdb,DC,C,88,97,QQWSNHPPTF
356,/disk1/flexibility/dataset/data_preparation_gep/01-benchmark_pdbs/2xqb_HL.pdb,HL,H,97,115,ARDPAAWPLQQSLAWFDPW
357,/disk1/flexibility/dataset/data_preparation_gep/01-benchmark_pdbs/2xqb_HL.pdb,HL,L,81,92,AWYDRELSEWVF
358,/disk1/flexibility/dataset/data_preparation_gep/01-benchmark_pdbs/3lzf_HL.pdb,HL,H,100,116,ARTLRVSGDYVRDFDLW
359,/disk1/flexibility/dataset/data_preparation_gep/01-benchmark_pdbs/3lzf_HL.pdb,HL,L,89,101,AAWDDSLNGFWVF
360,/disk1/flexibility/dataset/data_preparation_gep/01-benchmark_pdbs/3vg9_CB.pdb,CB,C,97,114,AREGNYYDGGSVRYFDYW
361,/disk1/flexibility/dataset/data_preparation_gep/01-benchmark_pdbs/3vg9_CB.pdb,CB,B,89,98,QHFYGSTWAF
362,/disk1/flexibility/dataset/data_preparation_gep/01-benchmark_pdbs/3hi6_HL.pdb,HL,H,97,110,ASSYDFWSNAFDIW
363,/disk1/flexibility/dataset/data_preparation_gep/01-benchmark_pdbs/3hi6_HL.pdb,HL,L,88,96,QQSYSTPSF
364,/disk1/flexibility/dataset/data_preparation_gep/01-benchmark_pdbs/3hmx_HL.pdb,HL,H,97,109,ARRRPGQGYFDFW
365,/disk1/flexibility/dataset/data_preparation_gep/01-benchmark_pdbs/3hmx_HL.pdb,HL,L,89,98,QQYNIYPYTF
366,/disk1/flexibility/dataset/data_preparation_gep/01-benchmark_pdbs/4g6j_HL.pdb,HL,H,97,108,ARDLRTGPFDYW
367,/disk1/flexibility/dataset/data_preparation_gep/01-benchmark_pdbs/4g6j_HL.pdb,HL,L,89,98,HQSSSLPFTF
368,/disk1/flexibility/dataset/data_preparation_gep/01-benchmark_pdbs/3mxw_HL.pdb,HL,H,97,109,ARDWERGDFFDYW
369,/disk1/flexibility/dataset/data_preparation_gep/01-benchmark_pdbs/3mxw_HL.pdb,HL,L,89,98,QQDYGSPPTF
370,/disk1/flexibility/dataset/data_preparation_gep/01-benchmark_pdbs/2w9e_HL.pdb,HL,H,97,106,ALYYYDVSYW
371,/disk1/flexibility/dataset/data_preparation_gep/01-benchmark_pdbs/2w9e_HL.pdb,HL,L,88,97,HQWRSNPYTF
372,/disk1/flexibility/dataset/data_preparation_gep/01-benchmark_pdbs/4g6m_HL.pdb,HL,H,98,110,ARNRYDPPWFVDW
373,/disk1/flexibility/dataset/data_preparation_gep/01-benchmark_pdbs/4g6m_HL.pdb,HL,L,89,98,LQGKMLPWTF
374,/disk1/flexibility/dataset/data_preparation_gep/01-benchmark_pdbs/1i9r_HL.pdb,HL,H,97,108,TRSDGRNDMDSW
375,/disk1/flexibility/dataset/data_preparation_gep/01-benchmark_pdbs/1i9r_HL.pdb,HL,L,93,102,QHSWEIPPTF
376,/disk1/flexibility/dataset/data_preparation_gep/01-benchmark_pdbs/3v6z_AB.pdb,AB,A,97,113,TREGAYSGSSSYPMDYW
377,/disk1/flexibility/dataset/data_preparation_gep/01-benchmark_pdbs/3v6z_AB.pdb,AB,B,95,105,HQYLSSYMYTF
378,/disk1/flexibility/dataset/data_preparation_gep/01-benchmark_pdbs/1bgx_HL.pdb,HL,H,93,105,ARYYYGYWYFDVW
379,/disk1/flexibility/dataset/data_preparation_gep/01-benchmark_pdbs/1bgx_HL.pdb,HL,L,88,97,QQWSTYPLTF
380,/disk1/flexibility/dataset/data_preparation_gep/01-benchmark_pdbs/2vis_BA.pdb,BA,B,96,112,ARDFYDYDVFYYAMDYW
381,/disk1/flexibility/dataset/data_preparation_gep/01-benchmark_pdbs/2vis_BA.pdb,BA,A,91,100,ALWYSNHWVF
382,/disk1/flexibility/dataset/data_preparation_gep/01-benchmark_pdbs/3eoa_HL.pdb,HL,H,97,111,ARGIYFYGTTYFDYW
383,/disk1/flexibility/dataset/data_preparation_gep/01-benchmark_pdbs/3eoa_HL.pdb,HL,L,89,98,QQHNEYPLTF
384,/disk1/flexibility/dataset/data_preparation_gep/01-benchmark_pdbs/1jps_HL.pdb,HL,H,97,107,ARDTAAYFDYW
385,/disk1/flexibility/dataset/data_preparation_gep/01-benchmark_pdbs/1jps_HL.pdb,HL,L,89,98,LQHGESPWTF
386,/disk1/flexibility/dataset/data_preparation_gep/01-benchmark_pdbs/4dn4_HL.pdb,HL,H,96,108,ARYDGIYGELDFW
387,/disk1/flexibility/dataset/data_preparation_gep/01-benchmark_pdbs/4dn4_HL.pdb,HL,L,90,100,HQYIQLHSFTF
388,/disk1/flexibility/dataset/data_preparation_gep/01-benchmark_pdbs/1iqd_BA.pdb,BA,B,97,107,AVPDPDAFDIW
389,/disk1/flexibility/dataset/data_preparation_gep/01-benchmark_pdbs/1iqd_BA.pdb,BA,A,89,98,QKYGTSAITF
390,/disk1/flexibility/dataset/data_preparation_gep/01-benchmark_pdbs/1ahw_ED.pdb,ED,E,97,107,ARDNSYYFDYW
391,/disk1/flexibility/dataset/data_preparation_gep/01-benchmark_pdbs/1ahw_ED.pdb,ED,D,89,98,LQHGESPYTF
392,/disk1/flexibility/dataset/data_preparation_gep/01-benchmark_pdbs/2fd6_HL.pdb,HL,H,97,108,ARWGPHWYFDVW
393,/disk1/flexibility/dataset/data_preparation_gep/01-benchmark_pdbs/2fd6_HL.pdb,HL,L,88,96,QQWNYPFTF
394,/disk1/flexibility/dataset/data_preparation_gep/01-benchmark_pdbs/2hmi_DC.pdb,DC,D,98,113,AQSAITSVTDSAMDHW
395,/disk1/flexibility/dataset/data_preparation_gep/01-benchmark_pdbs/2hmi_DC.pdb,DC,C,89,98,QQYSKFPWTF
396,/disk1/flexibility/dataset/data_preparation_gep/01-benchmark_pdbs/7e7x_HL.pdb,HL,H,90,106,ATGPAIAAAETNWFDLW
397,/disk1/flexibility/dataset/data_preparation_gep/01-benchmark_pdbs/7e7x_HL.pdb,HL,L,89,99,SSYTSSSTWVF
398,/disk1/flexibility/dataset/data_preparation_gep/01-benchmark_pdbs/6h3t_IM.pdb,IM,I,97,110,ARNYYGRSYAMDYW
399,/disk1/flexibility/dataset/data_preparation_gep/01-benchmark_pdbs/6h3t_IM.pdb,IM,M,95,104,QQYYSFPPTF
400,/disk1/flexibility/dataset/data_preparation_gep/01-benchmark_pdbs/7s13_HL.pdb,HL,H,95,105,ASRDYPGFAYW
401,/disk1/flexibility/dataset/data_preparation_gep/01-benchmark_pdbs/7s13_HL.pdb,HL,L,86,97,LSTYSDDKLPIF
402,/disk1/flexibility/dataset/data_preparation_gep/01-benchmark_pdbs/7o52_HL.pdb,HL,H,100,114,AREVTGDLEDAFDIW
403,/disk1/flexibility/dataset/data_preparation_gep/01-benchmark_pdbs/7o52_HL.pdb,HL,L,91,100,QQSYSIPQTF
404,/disk1/flexibility/dataset/data_preparation_gep/01-benchmark_pdbs/7c61_HL.pdb,HL,H,97,109,TRPVSYYYDFDYW
405,/disk1/flexibility/dataset/data_preparation_gep/01-benchmark_pdbs/7c61_HL.pdb,HL,L,89,98,QQSNSWPLTF
406,/disk1/flexibility/dataset/data_preparation_gep/01-benchmark_pdbs/6z2l_CB.pdb,CB,C,97,111,TRRGLGYDYGGFAYW
407,/disk1/flexibility/dataset/data_preparation_gep/01-benchmark_pdbs/6z2l_CB.pdb,CB,B,89,98,QQVNALPPTF
408,/disk1/flexibility/dataset/data_preparation_gep/01-benchmark_pdbs/7lfb_HL.pdb,HL,H,97,111,ARLIYDGDYISSDFW
409,/disk1/flexibility/dataset/data_preparation_gep/01-benchmark_pdbs/7lfb_HL.pdb,HL,L,89,98,QNALSMPYTF
410,/disk1/flexibility/dataset/data_preparation_gep/01-benchmark_pdbs/6nyq_HL.pdb,HL,H,97,109,AREITSATAMEYW
411,/disk1/flexibility/dataset/data_preparation_gep/01-benchmark_pdbs/6nyq_HL.pdb,HL,L,89,98,QHFWTPPWTF
412,/disk1/flexibility/dataset/data_preparation_gep/01-benchmark_pdbs/7bel_CD.pdb,CD,C,97,111,AKGGSYAYYYYMDVW
413,/disk1/flexibility/dataset/data_preparation_gep/01-benchmark_pdbs/7bel_CD.pdb,CD,D,89,98,QQYDNLPLTF
414,/disk1/flexibility/dataset/data_preparation_gep/01-benchmark_pdbs/6rps_HL.pdb,HL,H,96,111,TRDFGYFDGSSPFDYW
415,/disk1/flexibility/dataset/data_preparation_gep/01-benchmark_pdbs/6rps_HL.pdb,HL,L,90,99,QQTYSLPYTF
416,/disk1/flexibility/dataset/data_preparation_gep/01-benchmark_pdbs/6p67_EF.pdb,EF,E,97,110,ARGTYYDGSYFDYW
417,/disk1/flexibility/dataset/data_preparation_gep/01-benchmark_pdbs/6p67_EF.pdb,EF,F,89,98,QQHYSIPRTF
418,/disk1/flexibility/dataset/data_preparation_gep/01-benchmark_pdbs/7bel_EF.pdb,EF,E,98,117,ARHCSGGTCYPKYYYGMDVW
419,/disk1/flexibility/dataset/data_preparation_gep/01-benchmark_pdbs/7bel_EF.pdb,EF,F,90,101,AAWDDSLNVVVF
420,/disk1/flexibility/dataset/data_preparation_gep/01-benchmark_pdbs/7s11_IM.pdb,IM,I,95,107,ARNFPYPGINFDW
421,/disk1/flexibility/dataset/data_preparation_gep/01-benchmark_pdbs/7s11_IM.pdb,IM,M,90,99,SLWYSGHLIF
422,/disk1/flexibility/dataset/data_preparation_gep/01-benchmark_pdbs/7mmo_DE.pdb,DE,D,97,108,AHHSISTIFDHW
423,/disk1/flexibility/dataset/data_preparation_gep/01-benchmark_pdbs/7mmo_DE.pdb,DE,E,90,99,SSYTTSSAVF
424,/disk1/flexibility/dataset/data_preparation_gep/01-benchmark_pdbs/6lz9_HL.pdb,HL,H,95,110,TRDGGLLFAYYAMDYW
425,/disk1/flexibility/dataset/data_preparation_gep/01-benchmark_pdbs/6lz9_HL.pdb,HL,L,89,98,QQDSKHPFTF
426,/disk1/flexibility/dataset/data_preparation_gep/01-benchmark_pdbs/6wmw_MN.pdb,MN,M,97,115,ARAYLLRLRRTGYYAMDYW
427,/disk1/flexibility/dataset/data_preparation_gep/01-benchmark_pdbs/6wmw_MN.pdb,MN,N,94,103,FQSNYLPYTF
428,/disk1/flexibility/dataset/data_preparation_gep/01-benchmark_pdbs/7ps0_HL.pdb,HL,H,98,113,ARLVVPSPKGSWFDPW
429,/disk1/flexibility/dataset/data_preparation_gep/01-benchmark_pdbs/7ps0_HL.pdb,HL,L,91,101,CSYVGSSTYVF
430,/disk1/flexibility/dataset/data_preparation_gep/01-benchmark_pdbs/6a3w_AB.pdb,AB,A,97,106,ARGYGIFDYW
431,/disk1/flexibility/dataset/data_preparation_gep/01-benchmark_pdbs/6a3w_AB.pdb,AB,B,86,97,ATYTGFGSLAVF
432,/disk1/flexibility/dataset/data_preparation_gep/01-benchmark_pdbs/7lue_HL.pdb,HL,H,89,103,ARDVPADGVHFMDVW
433,/disk1/flexibility/dataset/data_preparation_gep/01-benchmark_pdbs/7lue_HL.pdb,HL,L,93,102,MQGSHWAPTF
434,/disk1/flexibility/dataset/data_preparation_gep/01-benchmark_pdbs/7rah_BA.pdb,BA,B,96,110,AREIMRGGGYYFDYW
435,/disk1/flexibility/dataset/data_preparation_gep/01-benchmark_pdbs/7rah_BA.pdb,BA,A,89,98,QQGNTLPYTF
436,/disk1/flexibility/dataset/data_preparation_gep/01-benchmark_pdbs/7kn4_MN.pdb,MN,M,95,107,ATPGAIMGALHIW
437,/disk1/flexibility/dataset/data_preparation_gep/01-benchmark_pdbs/7kn4_MN.pdb,MN,N,89,100,AAWDDSLSAWVF
438,/disk1/flexibility/dataset/data_preparation_gep/01-benchmark_pdbs/7e5o_HL.pdb,HL,H,96,110,ARGWDLDYYYGMDVW
439,/disk1/flexibility/dataset/data_preparation_gep/01-benchmark_pdbs/7e5o_HL.pdb,HL,L,89,98,LQHGFLPWTF
440,/disk1/flexibility/dataset/data_preparation_gep/01-benchmark_pdbs/7o9s_HL.pdb,HL,H,94,108,ARAYTSNSDIVFDPW
441,/disk1/flexibility/dataset/data_preparation_gep/01-benchmark_pdbs/7o9s_HL.pdb,HL,L,89,101,QQGYSYSNVDNSF
442,/disk1/flexibility/dataset/data_preparation_gep/01-benchmark_pdbs/6e3h_HL.pdb,HL,H,97,120,AREFRTQIVLGYFDWLEGNAFDMW
443,/disk1/flexibility/dataset/data_preparation_gep/01-benchmark_pdbs/6e3h_HL.pdb,HL,L,94,103,TQASQFPRTF
444,/disk1/flexibility/dataset/data_preparation_gep/01-benchmark_pdbs/7dm1_DC.pdb,DC,D,99,118,TGPRPYYDSSGYYPYYFDYW
445,/disk1/flexibility/dataset/data_preparation_gep/01-benchmark_pdbs/7dm1_DC.pdb,DC,C,90,101,SSFAGSSTYVVF
446,/disk1/flexibility/dataset/data_preparation_gep/01-benchmark_pdbs/7nx3_BC.pdb,BC,B,96,110,ARSRGYFYGSTYDSW
447,/disk1/flexibility/dataset/data_preparation_gep/01-benchmark_pdbs/7nx3_BC.pdb,BC,C,93,102,QQSKEVPWTF
448,/disk1/flexibility/dataset/data_preparation_gep/01-benchmark_pdbs/6hx4_HL.pdb,HL,H,97,115,SRAEFITTATWGVYAMDYW
449,/disk1/flexibility/dataset/data_preparation_gep/01-benchmark_pdbs/6hx4_HL.pdb,HL,L,93,102,QQSKEVPWTF
450,/disk1/flexibility/dataset/data_preparation_gep/01-benchmark_pdbs/7n4j_HL.pdb,HL,H,98,121,ARERPPFDVVVVPAARPYNWFDPW
451,/disk1/flexibility/dataset/data_preparation_gep/01-benchmark_pdbs/7n4j_HL.pdb,HL,L,91,103,QSYDSSLSGSKVF
452,/disk1/flexibility/dataset/data_preparation_gep/01-benchmark_pdbs/7rah_DC.pdb,DC,D,96,112,ARGLNYGSSQHWYFDVW
453,/disk1/flexibility/dataset/data_preparation_gep/01-benchmark_pdbs/7rah_DC.pdb,DC,C,89,98,HQYHRSPPTF
454,/disk1/flexibility/dataset/data_preparation_gep/01-benchmark_pdbs/6y9b_IM.pdb,IM,I,96,113,ARERNYDYDDYYYAMDYW
455,/disk1/flexibility/dataset/data_preparation_gep/01-benchmark_pdbs/6y9b_IM.pdb,IM,M,95,104,QQYYNYPRTF
456,/disk1/flexibility/dataset/data_preparation_gep/01-benchmark_pdbs/6wh9_EF.pdb,EF,E,98,112,ARAPNYGDYVAFDIW
457,/disk1/flexibility/dataset/data_preparation_gep/01-benchmark_pdbs/6wh9_EF.pdb,EF,F,93,103,LLSYSGALWVF
458,/disk1/flexibility/dataset/data_preparation_gep/01-benchmark_pdbs/7jie_EF.pdb,EF,E,97,118,ARDRVPSYSPSAMWGKYGMDVW
459,/disk1/flexibility/dataset/data_preparation_gep/01-benchmark_pdbs/7jie_EF.pdb,EF,F,94,103,MQALQTPRTF
460,/disk1/flexibility/dataset/data_preparation_gep/01-benchmark_pdbs/6v4o_HL.pdb,HL,H,97,120,ARDTVAVYEDFDWSSPYFFYMDVW
461,/disk1/flexibility/dataset/data_preparation_gep/01-benchmark_pdbs/6v4o_HL.pdb,HL,L,90,99,QRYGTSLVTF
462,/disk1/flexibility/dataset/data_preparation_gep/01-benchmark_pdbs/7cm4_HL.pdb,HL,H,98,118,ARIPGFLRYRNRYYYYGMDVW
463,/disk1/flexibility/dataset/data_preparation_gep/01-benchmark_pdbs/7cm4_HL.pdb,HL,L,90,101,GTWDSSLSAGVF
464,/disk1/flexibility/dataset/data_preparation_gep/01-benchmark_pdbs/6cxy_HL.pdb,HL,H,96,109,ASSNYVLGYAMDYW
465,/disk1/flexibility/dataset/data_preparation_gep/01-benchmark_pdbs/6cxy_HL.pdb,HL,L,95,104,QQHYRTPHTF
466,/disk1/flexibility/dataset/data_preparation_gep/01-benchmark_pdbs/6pxh_HL.pdb,HL,H,97,108,ARGGSSFAMDYW
467,/disk1/flexibility/dataset/data_preparation_gep/01-benchmark_pdbs/6pxh_HL.pdb,HL,L,87,96,QQSEEVPLTF
468,/disk1/flexibility/dataset/data_preparation_gep/01-benchmark_pdbs/6osh_HL.pdb,HL,H,96,105,ARDWTSLNIW
469,/disk1/flexibility/dataset/data_preparation_gep/01-benchmark_pdbs/6osh_HL.pdb,HL,L,92,104,LGGYADASYRTAF
470,/disk1/flexibility/dataset/data_preparation_gep/01-benchmark_pdbs/6lgw_CD.pdb,CD,C,97,109,ARRNYDGSWFAYW
471,/disk1/flexibility/dataset/data_preparation_gep/01-benchmark_pdbs/6lgw_CD.pdb,CD,D,89,98,QQSNSWPVTF
472,/disk1/flexibility/dataset/data_preparation_gep/01-benchmark_pdbs/6oor_HL.pdb,HL,H,96,116,VRPRSVYYGLLLRPYWFFDFW
473,/disk1/flexibility/dataset/data_preparation_gep/01-benchmark_pdbs/6oor_HL.pdb,HL,L,94,103,LQTLKSPYTF
474,/disk1/flexibility/dataset/data_preparation_gep/01-benchmark_pdbs/6wmw_HL.pdb,HL,H,96,107,ARRYGPEDIDYW
475,/disk1/flexibility/dataset/data_preparation_gep/01-benchmark_pdbs/6wmw_HL.pdb,HL,L,93,102,LQSKEVPWTF
476,/disk1/flexibility/dataset/data_preparation_gep/01-benchmark_pdbs/7bwj_HL.pdb,HL,H,97,117,ARAVVGIVVVPAAGRRAFDIW
477,/disk1/flexibility/dataset/data_preparation_gep/01-benchmark_pdbs/7bwj_HL.pdb,HL,L,91,101,SSYAGSNNLVF
478,/disk1/flexibility/dataset/data_preparation_gep/01-benchmark_pdbs/7ean_HL.pdb,HL,H,97,111,ASAHYYGSSSSFPYW
479,/disk1/flexibility/dataset/data_preparation_gep/01-benchmark_pdbs/7ean_HL.pdb,HL,L,89,97,QQYNSYFTF
480,/disk1/flexibility/dataset/data_preparation_gep/01-benchmark_pdbs/6vvu_GI.pdb,GI,G,96,112,ARDPRGYGAALDRLDLW
481,/disk1/flexibility/dataset/data_preparation_gep/01-benchmark_pdbs/6vvu_GI.pdb,GI,I,90,101,AGGFDRSGDTTF
482,/disk1/flexibility/dataset/data_preparation_gep/01-benchmark_pdbs/6mlk_HL.pdb,HL,H,95,109,ARGLGYSGSYYAPNW
483,/disk1/flexibility/dataset/data_preparation_gep/01-benchmark_pdbs/6mlk_HL.pdb,HL,L,95,104,MQGTHWPRTF
484,/disk1/flexibility/dataset/data_preparation_gep/01-benchmark_pdbs/7dm2_HL.pdb,HL,H,97,115,ARGDYYYDGVASDPHFDNW
485,/disk1/flexibility/dataset/data_preparation_gep/01-benchmark_pdbs/7dm2_HL.pdb,HL,L,89,100,AAWDDSLSGVVF
486,/disk1/flexibility/dataset/data_preparation_gep/01-benchmark_pdbs/7ps4_HL.pdb,HL,H,97,115,ARSRVGATGGYYDYYMDVW
487,/disk1/flexibility/dataset/data_preparation_gep/01-benchmark_pdbs/7ps4_HL.pdb,HL,L,90,101,AAWDDSLNGPVF
488,/disk1/flexibility/dataset/data_preparation_gep/01-benchmark_pdbs/6ion_HL.pdb,HL,H,97,107,ARLRLRYFDYW
489,/disk1/flexibility/dataset/data_preparation_gep/01-benchmark_pdbs/6ion_HL.pdb,HL,L,88,98,QQSNSWPIFTF
490,/disk1/flexibility/dataset/data_preparation_gep/01-benchmark_pdbs/7mf1_HL.pdb,HL,H,97,117,AREGRRYGSGWYISTGYFDYW
491,/disk1/flexibility/dataset/data_preparation_gep/01-benchmark_pdbs/7mf1_HL.pdb,HL,L,90,100,SSYTNSSTVVF
